<eml:eml xmlns:eml="eml://ecoinformatics.org/eml-2.1.1"
         xmlns:dc="http://purl.org/dc/terms/"
         xmlns:xsi="http://www.w3.org/2001/XMLSchema-instance"
         xsi:schemaLocation="eml://ecoinformatics.org/eml-2.1.1 http://rs.gbif.org/schema/eml-gbif-profile/1.1/eml.xsd"
         packageId="http://ipt.vliz.be/eurobis/resource?id=gulf_of_trieste_lter_phytoplankton_time_series/v1.1" system="http://gbif.org" scope="system"
         xml:lang="eng">

<dataset>
  <alternateIdentifier>http://ipt.vliz.be/eurobis/resource?r=gulf_of_trieste_lter_phytoplankton_time_series</alternateIdentifier>
  <title xml:lang="eng">Phytoplankton North Adriatic-Gulf of Trieste LTER time-series</title>
      <creator>
    <individualName>
        <givenName>Marina</givenName>
      <surName>Cabrini</surName>
    </individualName>
    <organizationName>National Institute of Oceanography and Experimental Geophysics (OGS)</organizationName>
    <address>
        <country>IT</country>
    </address>
    <electronicMailAddress>mcabrini@ogs.trieste.it</electronicMailAddress>
      </creator>
      <creator>
    <individualName>
        <givenName>Daniela</givenName>
      <surName>Fornasaro</surName>
    </individualName>
    <organizationName>National Institute of Oceanography and Experimental Geophysics (OGS)</organizationName>
    <address>
        <country>IT</country>
    </address>
    <electronicMailAddress>dfornasaro@ogs.trieste.it</electronicMailAddress>
      </creator>
      <creator>
    <individualName>
        <givenName>Damiano</givenName>
      <surName>Virgilio</surName>
    </individualName>
    <organizationName>National Institute of Oceanography and Experimental Geophysics (OGS)</organizationName>
    <address>
        <country>IT</country>
    </address>
      </creator>
      <metadataProvider>
    <individualName>
        <givenName>Marina</givenName>
      <surName>Lipizer</surName>
    </individualName>
    <organizationName>National Institute of Oceanography and Experimental Geophysics (OGS)</organizationName>
    <address>
        <country>IT</country>
    </address>
    <electronicMailAddress>mlipizer@ogs.trieste.it</electronicMailAddress>
      </metadataProvider>
      <associatedParty>
    <individualName>
        <givenName>Marina</givenName>
      <surName>Lipizer</surName>
    </individualName>
    <organizationName>National Institute of Oceanography and Experimental Geophysics (OGS)</organizationName>
    <address>
        <country>IT</country>
    </address>
    <electronicMailAddress>mlipizer@ogs.trieste.it</electronicMailAddress>
    <role>custodianSteward</role>
      </associatedParty>
      <associatedParty>
    <individualName>
        <givenName>Serena</givenName>
      <surName>Fonda-Umani</surName>
    </individualName>
    <organizationName>University of Trieste Marine Biology Laboratory</organizationName>
    <address>
        <country>IT</country>
    </address>
    <electronicMailAddress>labbioma@univ.trieste.it</electronicMailAddress>
    <role>AssociatedParty</role>
      </associatedParty>
  <pubDate>
      2019-09-19
  </pubDate>
  <language>eng</language>
  <abstract>
    <para>Time series of phytoplankton abundance and community composition collected with a monthly frequency at 0.5, 5, 10 and 15 meters in the Gulf of Trieste – time series station (station C1).

The time series station C1 (Latitude 45°42&apos;2.99&quot;N Longitude 13°42&apos;36.00&quot;E), located in the Gulf of Trieste in the northernmost part of the Adriatic Sea, is part of the Adriatic Long Term Ecological Research (LTER) site . It is a shallow coastal station (17 m depth) located at 0.2 Km from the coast, at the outer border of the Natural Marine Reserve of Miramare , Trieste. Link: http://nettuno.ogs.trieste.it/ilter/GoTTs/c1_lter.html</para>
    <para>Samples were fixed with Ca(HCO3)2-buffered formaldehyde (0.8% final concentration) and cell abundance and species composition of phytoplankton were estimated according to Utermöhl’s method (1958), using an inverted microscope equipped with phase contrast, at 200-320-400x final magnifications. Since the beginning of the time-series, species identification capability has changed over time, due to instrumental improvement (optical microscopy magnification increase) and to improved expertise of people in charge of identification. Besides, increased taxonomic knowledge and improved species distribution information has ruled out the presence of some taxa previously described or has lead to change in name. Therefore, taxonomic level of determination may have become lower: e.g. from species to genus. This may have led to apparent disappearance or, conversely, new appearance of taxa over the time series. A taxonomic quality control check is currently being carried out. Furthermore, since 1986, there have been modifications in phytoplankton cell counting procedures, which were motivated by decrease in overall cell abundance. Until mid 2002, the same method was adopted for all taxa: cells were counted in defined random fields or along transepts with length equal to the diameter of the sedimentation chamber and width equal to the field of the eyepiece (Hasle, 1978). In mid 2002, the method of enumeration was adapted to fit the abundance of the various groups. Abundant cells were counted in defined random fields, rarer species were counted on the whole chamber (Fonda Umani et al., 2007). The method adopted up to 2002 might have led to over-estimate of less abundant species, while no modifications in counting method over the whole time series have involved abundant taxa (e.g. Undet. Flagellates, Cryptophyceae undet, Skeletonema spp., Chaetoceros spp.) Due to scattered metadata information during the earlier part of the time series (1986 – 2002), a more detailed backward Quality Control is not possible. In the North Adriatic, a general decrease in phytoplankton abundance has been described in the same period by several other institutes working in the area, which increases the confidence in the whole observed data pattern. References Fonda Umani S., Del Negro P. Larato C., De Vittor C., Cabrini M., Celio M., Falconi C., Tamberlich F. and Azam F. 2007 Major interannual variations in microbial dynamics in the gulf of Trieste (Northern Adriatic Sea) and their ecosystems implications. Aquatic Microbial Ecology 46: 163-175. Hasle G.R. 1978 Using the inverted microscope. In: Phytoplankton Manual (ed. Sournia A.) UNESCO, Paris: 191-196.</para>
  </abstract>
      <keywordSet>
            <keyword>Occurrence</keyword>
        <keywordThesaurus>GBIF Dataset Type Vocabulary: http://rs.gbif.org/vocabulary/gbif/dataset_type.xml</keywordThesaurus>
      </keywordSet>
      <keywordSet>
            <keyword>Observation</keyword>
        <keywordThesaurus>GBIF Dataset Subtype Vocabulary: http://rs.gbif.org/vocabulary/gbif/dataset_subtype.xml</keywordThesaurus>
      </keywordSet>
  <additionalInfo>
    <para>marine, harvested by iOBIS</para>
  </additionalInfo>
  <intellectualRights>
    <para>This work is licensed under a <ulink url="http://creativecommons.org/licenses/by/4.0/legalcode"><citetitle>Creative Commons Attribution (CC-BY) 4.0 License</citetitle></ulink>.</para>
  </intellectualRights>
  <distribution scope="document">
    <online>
      <url function="information">http://nodc.ogs.trieste.it/nodc/metadata/doidetails?doi=10.6092/6a7a1319-dd62-428c-9bc8-6f179f91bcf8</url>
    </online>
  </distribution>
  <coverage>
      <geographicCoverage>
          <geographicDescription>MED, Adriatic Sea - http://marineregions.org/mrgid/3314</geographicDescription>
        <boundingCoordinates>
          <westBoundingCoordinate>-180</westBoundingCoordinate>
          <eastBoundingCoordinate>180</eastBoundingCoordinate>
          <northBoundingCoordinate>90</northBoundingCoordinate>
          <southBoundingCoordinate>-90</southBoundingCoordinate>
        </boundingCoordinates>
      </geographicCoverage>
          <temporalCoverage>
              <rangeOfDates>
                  <beginDate>
                    <calendarDate>1986-01-01</calendarDate>
                  </beginDate>
                <endDate>
                  <calendarDate>2012-01-01</calendarDate>
                </endDate>
              </rangeOfDates>
          </temporalCoverage>
  </coverage>
  <maintenance>
    <description>
      <para></para>
    </description>
    <maintenanceUpdateFrequency>unkown</maintenanceUpdateFrequency>
  </maintenance>

      <contact>
    <individualName>
        <givenName>Marina</givenName>
      <surName>Cabrini</surName>
    </individualName>
    <organizationName>National Institute of Oceanography and Experimental Geophysics (OGS)</organizationName>
    <address>
        <country>IT</country>
    </address>
    <electronicMailAddress>mcabrini@ogs.trieste.it</electronicMailAddress>
      </contact>
      <contact>
    <individualName>
        <givenName>Marina</givenName>
      <surName>Lipizer</surName>
    </individualName>
    <organizationName>National Institute of Oceanography and Experimental Geophysics (OGS)</organizationName>
    <address>
        <country>IT</country>
    </address>
    <electronicMailAddress>mlipizer@ogs.trieste.it</electronicMailAddress>
      </contact>
</dataset>
  <additionalMetadata>
    <metadata>
      <gbif>
          <dateStamp>2019-09-19T05:27:38.000+02:00</dateStamp>
          <hierarchyLevel>dataset</hierarchyLevel>
            <citation identifier="https://doi.org/10.6092/6a7a1319-dd62-428c-9bc8-6f179f91bcf8">Cabrini, M.; Fonda-Umani, S.; Fornasaro, D.; Virgilio, D. (2018). Phytoplankton North Adriatic-Gulf of Trieste LTER time-series. National Institute of Oceanography and Experimental Geophysics (OGS). https://doi.org/10.6092/6a7a1319-dd62-428c-9bc8-6f179f91bcf8</citation>
            <physical>
              <objectName>DOI</objectName>
              <characterEncoding>UTF-8</characterEncoding>
              <dataFormat>
                <externallyDefinedFormat>
                  <formatName>HTML</formatName>
                </externallyDefinedFormat>
              </dataFormat>
              <distribution>
                <online>
                  <url function="download">https://doi.org/10.6092/6a7a1319-dd62-428c-9bc8-6f179f91bcf8</url>
                </online>
              </distribution>
            </physical>
            <physical>
              <objectName>Online dataset</objectName>
              <characterEncoding>UTF-8</characterEncoding>
              <dataFormat>
                <externallyDefinedFormat>
                  <formatName>HTML</formatName>
                </externallyDefinedFormat>
              </dataFormat>
              <distribution>
                <online>
                  <url function="download">http://www.emodnet-biology.eu/portal/index.php?dasid=4462</url>
                </online>
              </distribution>
            </physical>
            <physical>
              <objectName>Online dataset</objectName>
              <characterEncoding>UTF-8</characterEncoding>
              <dataFormat>
                <externallyDefinedFormat>
                  <formatName>HTML</formatName>
                </externallyDefinedFormat>
              </dataFormat>
              <distribution>
                <online>
                  <url function="download">http://www.emodnet-biology.eu/toolbox/en/toolbox/occurrence/dataset/4462</url>
                </online>
              </distribution>
            </physical>
            <physical>
              <objectName>Project home page</objectName>
              <characterEncoding>UTF-8</characterEncoding>
              <dataFormat>
                <externallyDefinedFormat>
                  <formatName>HTML</formatName>
                </externallyDefinedFormat>
              </dataFormat>
              <distribution>
                <online>
                  <url function="download">http://nettuno.ogs.trieste.it/ilter/BIO/</url>
                </online>
              </distribution>
            </physical>
            <physical>
              <objectName>IPT</objectName>
              <characterEncoding>UTF-8</characterEncoding>
              <dataFormat>
                <externallyDefinedFormat>
                  <formatName>HTML</formatName>
                </externallyDefinedFormat>
              </dataFormat>
              <distribution>
                <online>
                  <url function="download">http://nodc.ogs.trieste.it/ipt/resource.do?r=gulf_of_trieste_lter_phytoplankton_time_series</url>
                </online>
              </distribution>
            </physical>
            <physical>
              <objectName>Online dataset</objectName>
              <characterEncoding>UTF-8</characterEncoding>
              <dataFormat>
                <externallyDefinedFormat>
                  <formatName>HTML</formatName>
                </externallyDefinedFormat>
              </dataFormat>
              <distribution>
                <online>
                  <url function="download">https://obis.org/dataset/7855f936-e82d-45c1-95e8-d197517cd7ca</url>
                </online>
              </distribution>
            </physical>
            <physical>
              <objectName>Metadata</objectName>
              <characterEncoding>UTF-8</characterEncoding>
              <dataFormat>
                <externallyDefinedFormat>
                  <formatName>HTML</formatName>
                </externallyDefinedFormat>
              </dataFormat>
              <distribution>
                <online>
                  <url function="download">http://www.eurobis.org/imis?module=dataset&amp;dasid=4462</url>
                </online>
              </distribution>
            </physical>
          <dc:replaces>http://ipt.vliz.be/eurobis/resource?id=gulf_of_trieste_lter_phytoplankton_time_series/v1.1.xml</dc:replaces>
      </gbif>
    </metadata>
  </additionalMetadata>
</eml:eml>
