<archive xmlns="http://rs.tdwg.org/dwc/text/" metadata="eml.xml">
  <core encoding="UTF-8" fieldsTerminatedBy="\t" linesTerminatedBy="\n" fieldsEnclosedBy="" ignoreHeaderLines="1" rowType="http://rs.tdwg.org/dwc/terms/Occurrence">
    <files>
      <location>occurrence.txt</location>
    </files>
    <id index="0" />
    <field index="1" term="http://rs.tdwg.org/dwc/terms/scientificName"/>
    <field index="2" term="http://rs.tdwg.org/dwc/terms/scientificNameAuthorship"/>
    <field index="3" term="http://rs.tdwg.org/dwc/terms/sex"/>
    <field index="4" term="http://rs.tdwg.org/dwc/terms/lifeStage"/>
    <field index="5" term="http://rs.tdwg.org/dwc/terms/scientificNameID"/>
    <field index="6" term="http://rs.tdwg.org/dwc/terms/decimalLongitude"/>
    <field index="7" term="http://rs.tdwg.org/dwc/terms/decimalLatitude"/>
    <field index="8" term="http://rs.tdwg.org/dwc/terms/coordinatePrecision"/>
    <field index="9" term="http://rs.tdwg.org/dwc/terms/waterBody"/>
    <field index="10" term="http://rs.tdwg.org/dwc/terms/country"/>
    <field index="11" term="http://rs.tdwg.org/dwc/terms/stateProvince"/>
    <field index="12" term="http://rs.tdwg.org/dwc/terms/county"/>
    <field index="13" term="http://rs.tdwg.org/dwc/terms/locality"/>
    <field index="14" term="http://rs.tdwg.org/dwc/terms/minimumDepthInMeters"/>
    <field index="15" term="http://rs.tdwg.org/dwc/terms/maximumDepthInMeters"/>
    <field index="16" term="http://rs.tdwg.org/dwc/terms/verbatimDepth"/>
    <field index="17" term="http://rs.tdwg.org/dwc/terms/institutionCode"/>
    <field index="18" term="http://rs.tdwg.org/dwc/terms/collectionCode"/>
    <field index="19" term="http://rs.tdwg.org/dwc/terms/catalogNumber"/>
    <field index="20" term="http://rs.tdwg.org/dwc/terms/otherCatalogNumbers"/>
    <field index="21" term="http://rs.tdwg.org/dwc/terms/identifiedBy"/>
    <field index="22" term="http://rs.tdwg.org/dwc/terms/dateIdentified"/>
    <field index="23" term="http://rs.tdwg.org/dwc/terms/typeStatus"/>
    <field index="24" term="http://rs.tdwg.org/dwc/terms/recordNumber"/>
    <field index="25" term="http://rs.tdwg.org/dwc/terms/fieldNumber"/>
    <field index="26" term="http://rs.tdwg.org/dwc/terms/recordedBy"/>
    <field index="27" term="http://rs.tdwg.org/dwc/terms/associatedReferences"/>
    <field index="28" term="http://purl.org/dc/terms/bibliographicCitation"/>
    <field index="29" term="http://rs.tdwg.org/dwc/terms/basisOfRecord"/>
    <field index="30" term="http://rs.tdwg.org/dwc/terms/preparations"/>
    <field index="31" term="http://rs.tdwg.org/dwc/terms/occurrenceRemarks"/>
    <field index="32" term="http://rs.tdwg.org/dwc/terms/year"/>
    <field index="33" term="http://rs.tdwg.org/dwc/terms/month"/>
    <field index="34" term="http://rs.tdwg.org/dwc/terms/day"/>
    <field index="35" term="http://rs.tdwg.org/dwc/terms/dynamicProperties"/>
    <field index="36" term="http://rs.tdwg.org/dwc/terms/individualCount"/>
    <field index="37" term="http://rs.tdwg.org/dwc/terms/eventDate"/>
    <field index="38" term="http://rs.tdwg.org/dwc/terms/verbatimCoordinates"/>
  </core>
</archive>